Who announced that Java run-time environments based on JDK 9 will discontinue the browser plugin in January 2016?,Oracle,"In January 2016, Oracle announced that Java run-time environments based on JDK 9 will discontinue the browser plugin.",3.5505296190283597,"['Montana', 'Boston', 'Oracle', 'Bahrain']"
Who is the current owner of the official implementation of the Java SE platform?,Oracle Corporation,"Oracle Corporation is the current owner of the official implementation of the Java SE platform, following their acquisition of Sun Microsystems on January 27,2010.",3.4039559907502164,"['David Hyland Red Hat Software', 'Robert Clinton Best Buy', 'Oracle Corporation', 'Paul Sernoty SAP']"
Whose trademark license for usage of the Java brand insists that all implementations be compatible?,Sun's trademark license for usage of the Java brand,"Historically, Sun's trademark license for usage of the Java brand insists that all implementations be compatible.",3.3827303336472885,"[""America's patent licence for use of the C product"", ""Colombia's infringement licensing for e.g. of the Python marketing"", ""Germany's signature licences for refers of the C++ products"", ""Sun's trademark license for usage of the Java brand""]"
When did Oracle announce that Java run-time environments based on JDK 9 will discontinue the browser plugin?,in January 2016,"In January 2016, Oracle announced that Java run-time environments based on JDK 9 will discontinue the browser plugin.",3.372736880853154,"['in december 2018', 'in february 2014', 'in January 2016', 'in october 2015']"
What does Java servlet technology provide Web developers with?,"with a simple, consistent mechanism for extending the functionality of a Web server and for accessing existing business systems","Java servlet technology provides Web developers with a simple, consistent mechanism for extending the functionality of a Web server and for accessing existing business systems.",3.3564234499461243,"['with a easy, solid system for extended the built-in of a online software and for downloading current industry technologies', 'with a simple, consistent mechanism for extending the functionality of a Web server and for accessing existing business systems', 'with a straightforward, inconsistent framework for extend the interface of a internet desktop and for access expand businesses system', 'with a rather, strong facilitate for extends the interfaces of a website browser and for accessed build companies devices']"
Who did Oracle announce that Java run-time environments based on JDK 9 will discontinue in January 2016?,the browser plugin,"In January 2016, Oracle announced that Java run-time environments based on JDK 9 will discontinue the browser plugin.",3.3248504268612904,"['the firefox add-on', 'the browser plugin', 'the microsoft sdk', 'the netscape javascript']"
Who is another notable Java SE implementation that is licensed under the GNU GPL?,OpenJDK,OpenJDK is another notable Java SE implementation that is licensed under the GNU GPL.,3.3230978546525476,"['PeopleSoft', 'SAP', 'Best Buy', 'OpenJDK']"
Who aims to replace CMS with the Garbage-First Collector?,Oracle,Oracle aims to replace CMS with the Garbage-First Collector.,3.2744090152036844,"['Bahrain', 'Boston', 'Michigan', 'Oracle']"
"Who resigned from Oracle on April 2,2010?",James Gosling,"On April 2,2010, James Gosling resigned from Oracle.",3.2733191419537624,"['James Gosling', 'Robert Clinton ryan', 'David Hyland phillippe', 'Johann Carry callum']"
What led to a legal dispute between Oracle and Google?,the use of Java-related technology in Android,The use of Java-related technology in Android led to a legal dispute between Oracle and Google.,3.2598332193955404,"['the using of Java-related tech in John Thomas', 'the use of Java-related technology in Android', 'the used of Java-related technologies in David Hyland', 'the allow of Java-related technological in George Flank']"
When was Java released as a core component of Sun Microsystems ' Java platform?,in 1995,Java was originally developed by James Gosling at Sun Microsystems (which has since been acquired by Oracle) and released in 1995 as a core component of Sun Microsystems ' Java platform.,3.2431667633180488,"['in 1996', 'in 1993', 'in 1995', 'in 1994']"
Whose vice-president Rich Green said that Sun's ideal role with regard to Java was as an evangelist?,Sun's vice-president Rich Green,Sun's vice-president Rich Green said that Sun's ideal role with regard to Java was as an evangelist.,3.2300068274629847,"[""America's vice-chairman Richard Mccullam"", ""Bahrain's secretary-treasurer John Thomas"", ""Sun's vice-president Rich Green"", ""Germany's treasurer James Hockey""]"
What was released in 1995 as a core component of Sun Microsystems ' Java platform?,Java,Java was originally developed by James Gosling at Sun Microsystems (which has since been acquired by Oracle) and released in 1995 as a core component of Sun Microsystems ' Java platform.,3.229623851474953,"['C++', 'C', 'Python', 'Java']"
What is the bytecode language supported by the Android SDK incompatible with?,with Java bytecode,"The bytecode language supported by the Android SDK is incompatible with Java bytecode and runs on its own virtual machine, optimized for low-memory devices such as smartphones and tablet computers.",3.2110030796141653,"['with Java bytecode', 'with C jvm', 'with C++ p-code', 'with Python runtime']"
Where is Platform-independent Java essential?,to Java EE,"Platform-independent Java is essential to Java EE, and an even more rigorous validation is required to certify an implementation.",3.2082721777500818,"['to C lihn', 'to Java EE', 'to Python uh', 'to C++ sah']"
Who said that Sun's ideal role with regard to Java was as an evangelist?,Sun's vice-president Rich Green,Sun's vice-president Rich Green said that Sun's ideal role with regard to Java was as an evangelist.,3.2055835081008612,"[""Colombia's vice-chairman Richard Mccullam"", ""Texas's treasurer George Flank"", ""Bahrain's secretary-treasurer John Thomas"", ""Sun's vice-president Rich Green""]"
Whose ideal role with regard to Java did Sun's vice-president Rich Green say as?,that Sun's ideal role with regard to Java was as an evangelist,Sun's vice-president Rich Green said that Sun's ideal role with regard to Java was as an evangelist.,3.199388281546596,"[""that Sun's ideal role with regard to Java was as an evangelist"", ""that microsystems's suitable as with respect to C was as an preacher"", ""that moon's perfect character with particular to C++ was as an televangelist"", ""that sunlight's optimal supporting with regarding to Python was as an evangelical""]"
Who are server-side Java EE components that generate responses?,JavaServer Pages,"JavaServer Pages are server-side Java EE components that generate responses, typically HTML pages, to HTTP requests from clients.",3.199241065703169,"['JavaServer Pages', 'jsp books', 'servlets page', 'ecocriticism printed']"
What is Oracle Corporation the current owner of?,of the official implementation of the Java SE platform,"Oracle Corporation is the current owner of the official implementation of the Java SE platform, following their acquisition of Sun Microsystems on January 27,2010.",3.1878293560934416,"['of the according implement of the John Thomas framework', 'of the ministry implementing of the Charles Page supports', 'of the saying implemented of the George Flank support', 'of the official implementation of the Java SE platform']"
What started when Sun began releasing the Java source code under the GPL?,the implementation,The implementation started when Sun began releasing the Java source code under the GPL.,3.185851198931593,"['the implement', 'the implementation', 'the implementing', 'the implemented']"
Who does Oracle aim to replace CMS with?,with the Garbage-First Collector,Oracle aims to replace CMS with the Garbage-First Collector.,3.1841333596958896,"['with the Garbage-First Collector', 'with the Garbage-First collectors', 'with the Garbage-First connoisseur', 'with the Garbage-First collection']"
What did Sun generate revenue from Java through?,through the selling of licenses for specialized products such as the Java Enterprise System,Sun generated revenue from Java through the selling of licenses for specialized products such as the Java Enterprise System.,3.184049676442742,"['through the sold of licence for specialize imported such as the Robert Clinton', 'through the selling of licenses for specialized products such as the Java Enterprise System', 'through the buying of license for specialised product such as the Paul Sernoty', 'through the sell of licences for specializing goods such as the George Flank']"
Who did Sun's vice-president Rich Green say as?,that Sun's ideal role with regard to Java was as an evangelist,Sun's vice-president Rich Green said that Sun's ideal role with regard to Java was as an evangelist.,3.177542812584494,"[""that microsystems's suitable as with respect to C was as an preacher"", ""that sunlight's optimal supporting with regarding to Python was as an evangelical"", ""that Sun's ideal role with regard to Java was as an evangelist"", ""that moon's perfect character with particular to C++ was as an televangelist""]"
"What did Sun also provide superseded by later, standards-based Java ME configuration-profile pairings?",an edition called Personal Java that has been,"Sun also provided an edition called Personal Java that has been superseded by later, standards-based Java ME configuration-profile pairings.",3.171421276337767,"['an edition called Personal Java that has been', 'an titled calling IBM that has been', 'an published known Sillicon Graphics that has been', 'an version referred Apple that has been']"
What sent down the case of determining the damages to federal court in San Francisco?,the Appeals Court,"On March 2018, this ruling was overturned by the Appeals Court, which sent down the case of determining the damages to federal court in San Francisco.",3.1672126116186226,"['the appeal courts', 'the court judge', 'the Appeals Court', 'the upheld appeals']"
What was initially called Oak after an oak tree that stood outside Gosling's office?,the language,The language was initially called Oak after an oak tree that stood outside Gosling's office.,3.1659588045800278,"['the arabic', 'the word', 'the english', 'the language']"
Who was the Java 1. 0 compiler re-written in Java by to comply strictly with the Java 1. 0 language specification?,by Arthur van Hoff,The Java 1. 0 compiler was re-written in Java by Arthur van Hoff to comply strictly with the Java 1. 0 language specification.,3.161862462275308,"['by Johann Carry der James Hockey', 'by Arthur van Hoff', 'by Richard Mccullam nistelrooy John Thomas', 'by William Maxwell gogh Johann Carry']"
When did James Gosling resign from Oracle?,"on April 2,2010","On April 2,2010, James Gosling resigned from Oracle.",3.1599638524371056,"['on july 2,2010', 'on April 2,2010', 'on june 2,2010', 'on october 2,2010']"
Who released the first public implementation as Java 1. 0 in 1996?,Sun Microsystems,Sun Microsystems released the first public implementation as Java 1. 0 in 1996.,3.1599078627141237,"['Intel', 'Nvidia', 'Sun Microsystems', 'PeopleSoft']"
"What does Oracle Corporation follow on January 27,2010?",i. e.'s acquisition of Sun Microsystems,"Oracle Corporation is the current owner of the official implementation of the Java SE platform, following their acquisition of Sun Microsystems on January 27,2010.",3.150564445283326,"[""a. a.'s merger of Intel"", ""l. g.'s acquire of Sillicon Graphics"", ""r. j.'s purchase of Red Hat Software"", ""i. e.'s acquisition of Sun Microsystems""]"
What was originally developed by James Gosling at Sun Microsystems?,Java,Java was originally developed by James Gosling at Sun Microsystems (which has since been acquired by Oracle) and released in 1995 as a core component of Sun Microsystems ' Java platform.,3.136802644868141,"['C++', 'Java', 'Python', 'C']"
"Who did James Gosling resign from on April 2,2010?",from Oracle,"On April 2,2010, James Gosling resigned from Oracle.",3.136162690011214,"['from Germany', 'from Texas', 'from Oracle', 'from San Antonio']"
What is intended to replace Swing as the standard GUI library for Java SE?,JavaFX,"JavaFX is intended to replace Swing as the standard GUI library for Java SE, but both will be included for the foreseeable future.",3.129683560840834,"['Bahrain', 'San Antonio', 'Germany', 'JavaFX']"
Who embed Java code in an HTML page by using the special delimiters?,jSPs,JSPs embed Java code in an HTML page by using the special delimiters (% and %).,3.1288564083976858,"['IBM', 'Apple', 'jSPs', 'PeopleSoft']"
"What follows i. e.'s acquisition of Sun Microsystems on January 27,2010?",Oracle Corporation,"Oracle Corporation is the current owner of the official implementation of the Java SE platform, following their acquisition of Sun Microsystems on January 27,2010.",3.1258803625665967,"['Robert Clinton Intel', 'Oracle Corporation', 'Richard Mccullam PeopleSoft', 'David Hyland Red Hat Software']"
What did Sun Microsystems release as Java 1. 0 in 1996?,the first public implementation,Sun Microsystems released the first public implementation as Java 1. 0 in 1996.,3.1226808312438794,"['the first public implementation', 'the second private implementing', 'the third government implement', 'the fourth education implemented']"
"Who have developed alternative implementations for Java, GNU Classpath, and IcedTea-Web?",others,"Meanwhile, others have developed alternative implementations of these Sun technologies, such as the GNU Compiler for Java (bytecode compiler), GNU Classpath (standard libraries), and IcedTea-Web (browser plugin for applets).",3.1192008447397908,"['other', 'others', 'many', 'some']"
Who supplies the Java platform for use with Java?,Oracle,Oracle supplies the Java platform for use with Java.,3.1173775276059437,"['Oracle', 'Colombia', 'Michigan', 'America']"
"Who has support for desktop computers and web browsers on Microsoft Windows, Linux, and macOS?",JavaFX,"JavaFX has support for desktop computers and web browsers on Microsoft Windows, Linux, and macOS.",3.1165474353604985,"['Michigan', 'Germany', 'San Antonio', 'JavaFX']"
What had Sun relicensed under the GNU General Public License in compliance with the specifications of the Java Community Process?,most of compliance with the specifications of the Java Community Process's Java technologies,"As of May 2007, in compliance with the specifications of the Java Community Process, Sun had relicensed most of its Java technologies under the GNU General Public License.",3.1024658807729035,"[""most of comply with the specification of the Java Community Process's Java technology"", ""most of complying with the requirements of the Java Community Process's Java systems"", ""most of implementation with the specified of the Java Community Process's Java innovations"", ""most of compliance with the specifications of the Java Community Process's Java technologies""]"
"What did a San Francisco jury find by on May 7,2012?","that if APIs could be copyrighted, then Google had infringed Oracle's copyrights by the use of Java in Android devices","On May 7,2012, a San Francisco jury found that if APIs could be copyrighted, then Google had infringed Oracle's copyrights by the use of Java in Android devices.",3.1010777963377305,"[""that if AMD if be infringing, then George Flank had infringes ellison's copyrighted by the allow of Java in Android computers"", ""that if Nvidia would be copying, then Charles Page had infringe peoplesoft's trademarks by the used of Java in Android device"", ""that if Red Hat Software might be patents, then John Thomas had infringing microsystems's patents by the using of Java in Android phones"", ""that if APIs could be copyrighted, then Google had infringed Oracle's copyrights by the use of Java in Android devices""]"
When did Sun Microsystems release the first public implementation as Java 1. 0?,in 1996,Sun Microsystems released the first public implementation as Java 1. 0 in 1996.,3.089981388865114,"['in 1997', 'in 1996', 'in 1998', 'in 1995']"
"Whose copyrights did a San Francisco jury find by on May 7,2012?","that if APIs could be copyrighted, then Google had infringed Oracle's copyrights by the use of Java in Android devices","On May 7,2012, a San Francisco jury found that if APIs could be copyrighted, then Google had infringed Oracle's copyrights by the use of Java in Android devices.",3.0875504181904314,"[""that if Red Hat Software might be patents, then Charles Page had infringing microsystems's patents by the using of Java in Android phones"", ""that if Best Buy would be copying, then Richard Mccullam had infringe peoplesoft's trademarks by the used of Java in Android device"", ""that if PeopleSoft if be infringing, then Paul Sernoty had infringes ellison's copyrighted by the allow of Java in Android computers"", ""that if APIs could be copyrighted, then Google had infringed Oracle's copyrights by the use of Java in Android devices""]"
"Who does Oracle Corporation follow i. e.'s acquisition of on January 27,2010?",of Sun Microsystems,"Oracle Corporation is the current owner of the official implementation of the Java SE platform, following their acquisition of Sun Microsystems on January 27,2010.",3.0815317778257434,"['of Apple', 'of AMD', 'of Best Buy', 'of Sun Microsystems']"
"What did Sun release much of November 13,2006's Java virtual machine as?",as free and open-source software,"On November 13,2006, Sun released much of its Java virtual machine as free and open-source software, under the terms of the GNU General Public License.",3.0704708119636575,"['as without and cross-platform microsoft', 'as freedom and gpl computer', 'as available and implementations hardware', 'as free and open-source software']"
What did the Appeals Court send down?,the case of determining the damages to federal court in San Francisco,"On March 2018, this ruling was overturned by the Appeals Court, which sent down the case of determining the damages to federal court in San Francisco.",3.066354372416201,"['the prosecutors of assessing the compensation to state supreme in Charles Page', 'the trial of determine the punitive to government judge in Robert Clinton', 'the case of determining the damages to federal court in San Francisco', 'the appeals of determines the damage to enforcement appeals in James Hockey']"
What does Oracle aim to replace with the Garbage-First Collector?,CMS,Oracle aims to replace CMS with the Garbage-First Collector.,3.063073182621218,"['CMS', 'Red Hat Software', 'Nvidia', 'PeopleSoft']"
What had Sun relicensed most of compliance with the specifications of the Java Community Process's Java technologies under the GNU General Public License in?,in compliance with the specifications of the Java Community Process,"As of May 2007, in compliance with the specifications of the Java Community Process, Sun had relicensed most of its Java technologies under the GNU General Public License.",3.060828623640264,"['in implementation with the specified of the Charles Page', 'in comply with the specification of the Paul Sernoty', 'in compliance with the specifications of the Java Community Process', 'in complying with the requirements of the Johann Carry']"
What did Sun also provide an edition called Personal Java that has been superseded by?,"by later, standards-based Java ME configuration-profile pairings","Sun also provided an edition called Personal Java that has been superseded by later, standards-based Java ME configuration-profile pairings.",3.055915323715795,"['by after, e-learning James Hockey configuration-profile matchups', 'by later, standards-based Java ME configuration-profile pairings', 'by subsequently, curricula George Flank configuration-profile pairing', 'by then, technology-based Charles Page configuration-profile foursomes']"
What did the Java servlet API has to some extent been supersede by:?,by two standard Java technologies for web services,The Java servlet API has to some extent been superseded by two standard Java technologies for web services:,3.0513363754250964,"['by three definition C technology for internet service', 'by two standard Java technologies for web services', 'by four example C++ systems for online provider', 'by five basic Python innovations for website providers']"
What was overturned by the Appeals Court on March 2018?,this ruling,"On March 2018, this ruling was overturned by the Appeals Court, which sent down the case of determining the damages to federal court in San Francisco.",3.050959227186422,"['this ruled', 'this supreme', 'this ruling', 'this court']"
"Who does Java servlet technology provide with a simple, consistent mechanism for extending the functionality of a Web server and for accessing existing business systems?",Web developers,"Java servlet technology provides Web developers with a simple, consistent mechanism for extending the functionality of a Web server and for accessing existing business systems.",3.0166621268063984,"['Web developers', 'website software', 'internet developer', 'online builders']"
"Who also provided an edition called Personal Java that has been superseded by later, standards-based Java ME configuration-profile pairings?",Sun,"Sun also provided an edition called Personal Java that has been superseded by later, standards-based Java ME configuration-profile pairings.",3.0157615730923064,"['sunlight', 'Sun', 'microsystems', 'moon']"
What did Sun release as free and open-source software?,"much of November 13,2006's Java virtual machine","On November 13,2006, Sun released much of its Java virtual machine as free and open-source software, under the terms of the GNU General Public License.",3.011875735842332,"[""much of November 13,2006's Java virtual machine"", ""even of october 13,2006's C cyberspace automatic"", ""than of december 13,2006's C++ online gun"", ""less of february 13,2006's Python simulation guns""]"
"What constitutes fair use on May 26,2016?",the district court decided in favor of Google,"On May 26,2016, the district court decided in favor of Google, ruling the copyright infringement of the Java API in Android constitutes fair use.",3.0108596603643134,"['the village appeals would in favored of William Maxwell', 'the county judge decide in favour of David Hyland', 'the district court decided in favor of Google', 'the area supreme decision in favoring of Paul Sernoty']"
Who are server-side Java EE components that generate responses to requests from clients?,servlets,Servlets are server-side Java EE components that generate responses (typically HTML pages) to requests (typically HTTP requests) from clients.,3.009967456233206,"['servlet', 'servlets', 'javaserver', 'javabeans']"
Who is essential to Java EE?,Platform-independent Java,"Platform-independent Java is essential to Java EE, and an even more rigorous validation is required to certify an implementation.",3.009194097105152,"['platform-specific C', 'cross-platform C++', 'Platform-independent Java', 'vendor-neutral Python']"
"What provides Web developers with a simple, consistent mechanism for extending the functionality of a Web server and for accessing existing business systems?",Java servlet technology,"Java servlet technology provides Web developers with a simple, consistent mechanism for extending the functionality of a Web server and for accessing existing business systems.",3.0080003977896825,"['Java servlet technology', 'Python tomcat technological', 'C++ jsp tech', 'C ejb technologies']"
When is the Java applet API now deprecated since Java 9?,in 2017,The Java applet API is now deprecated since Java 9 in 2017.,3.006841882601737,"['in 2016', 'in 2015', 'in 2019', 'in 2017']"
What is a graphical user interface library for the Java SE platform?,swing,Swing is a graphical user interface library for the Java SE platform.,3.0047647774421016,"['swing', 'swung', 'swinging', 'pendulum']"
Who is Oracle Corporation?,the current owner of the official implementation of the Java SE platform,"Oracle Corporation is the current owner of the official implementation of the Java SE platform, following their acquisition of Sun Microsystems on January 27,2010.",2.9990170517175017,"['the its proprietor of the saying implemented of the William Maxwell support', 'the the owns of the according implement of the Paul Sernoty framework', 'the present owned of the ministry implementing of the David Hyland supports', 'the current owner of the official implementation of the Java SE platform']"
What did Sun release much of as free and open-source software?,"of November 13,2006's Java virtual machine","On November 13,2006, Sun released much of its Java virtual machine as free and open-source software, under the terms of the GNU General Public License.",2.995380883137295,"[""of december 13,2006's C++ online gun"", ""of November 13,2006's Java virtual machine"", ""of october 13,2006's C cyberspace automatic"", ""of february 13,2006's Python simulation guns""]"
When were just-in-time compilers that compile byte-codes to machine code during runtime introduced?,from an early stage,Just-in-time compilers that compile byte-codes to machine code during runtime were introduced from an early stage.,2.987653303282518,"['from an earlier phase', 'from an early stage', 'from an late theater', 'from an later staging']"
Who claimed that the Microsoft implementation did not support RMI or JNI?,Sun,This resulted in a legal dispute with Microsoft after Sun claimed that the Microsoft implementation did not support RMI or JNI and had added platform-specific features of their own.,2.9862487677431977,"['moon', 'Sun', 'microsystems', 'sunlight']"
What is incompatible with Java bytecode?,the bytecode language supported by the Android SDK,"The bytecode language supported by the Android SDK is incompatible with Java bytecode and runs on its own virtual machine, optimized for low-memory devices such as smartphones and tablet computers.",2.970768983515679,"['the jvm arabic support by the William Maxwell', 'the bytecode language supported by the Android SDK', 'the p-code word opposed by the Richard Mccullam', 'the runtime english supports by the Robert Clinton']"
Who initiated the Java language project in June 1991?,"James Gosling, Mike Sheridan, and Patrick Naughton","James Gosling, Mike Sheridan, and Patrick Naughton initiated the Java language project in June 1991.",2.969168261865687,"['George Flank callum, Mike Sheridan, and Patrick Naughton', 'William Maxwell ryan, Mike Sheridan, and Patrick Naughton', 'James Gosling, Mike Sheridan, and Patrick Naughton', 'James Hockey phillippe, Mike Sheridan, and Patrick Naughton']"
What are Java applications typically compiled to bytecode that can run on any Java virtual machine regardless of?,of the underlying computer architecture,Java applications are typically compiled to bytecode that can run on any Java virtual machine regardless of the underlying computer architecture.,2.9691668223832033,"['of the fundamental software architectural', 'of the fundamentals pc design', 'of the underlying computer architecture', 'of the factors technology gothic']"
When does the district court decided in favor of Google constitute fair use?,"on May 26,2016","On May 26,2016, the district court decided in favor of Google, ruling the copyright infringement of the Java API in Android constitutes fair use.",2.964767451180322,"['on May 26,2016', 'on likely 26,2016', 'on might 26,2016', 'on could 26,2016']"
Who ruled on May 31 that APIs cannot be copyrighted?,District Judge William Haskell Alsup,"District Judge William Haskell Alsup ruled on May 31,2012, that APIs cannot be copyrighted, but this was reversed by the United States Court of Appeals for the Federal Circuit in May 2014.",2.96240361893713,"['District Judge William Haskell Alsup', 'Texas court John Thomas', 'Phoenix appeals Johann Carry', 'Montana judges James Hockey']"
Who is swing controlled by in cooperation with others through the Java Community Process program?,by Sun Microsystems,It is controlled by Sun Microsystems in cooperation with others through the Java Community Process program.,2.9618120009853626,"['by Apple', 'by Best Buy', 'by Intel', 'by Sun Microsystems']"
What does Oracle follow Oracle Corporation's acquisition of in 200910?,of Sun Microsystems,"Following Oracle Corporation's acquisition of Sun Microsystems in 200910, Oracle has described itself as the steward of Java technology with a relentless commitment to fostering a community of participation and transparency.",2.959356267209628,"['of Sun Microsystems', 'of Best Buy', 'of Nvidia', 'of Intel']"
What is that programmers can be spared the burden of having to perform manual memory management?,one of the ideas behind Java's automatic memory management model,One of the ideas behind Java's automatic memory management model is that programmers can be spared the burden of having to perform manual memory management.,2.9591933473859955,"[""only of the concepts third C++'s automatically dram managing modeling"", ""one of the ideas behind Java's automatic memory management model"", ""another of the idea ahead C's machine memories managers concept"", ""three of the theories second Python's automated remembering asset design""]"
What did the use of Java-related technology in Android lead to?,to a legal dispute between Oracle and Google,The use of Java-related technology in Android led to a legal dispute between Oracle and Google.,2.952919292259771,"['to a law resolve between Oracle and Google', 'to a lawyers disputed between Oracle and Google', 'to a legal dispute between Oracle and Google', 'to a constitutional resolved between Oracle and Google']"
What does the Java programming language require the presence of?,of a software platform in order for compiled programs to be executed,The Java programming language requires the presence of a software platform in order for compiled programs to be executed.,2.947828023810179,"['of a microsoft framework in to for compile programmes to be executing', 'of a computer supports in ordered for compiling program to be execution', 'of a hardware support in must for collected educational to be execute', 'of a software platform in order for compiled programs to be executed']"
What is either interpreted by the Dalvik virtual machine or compiled into native code by the Android Runtime?,the bytecode,"Depending on the Android version, the bytecode is either interpreted by the Dalvik virtual machine or compiled into native code by the Android Runtime.",2.9434656427489982,"['the p-code', 'the bytecode', 'the runtime', 'the jvm']"
What is to make all implementations of Java compatible?,the goal of Java,The goal of Java is to make all implementations of Java compatible.,2.9432679490876517,"['the scored of C', 'the goal of Java', 'the kick of Python', 'the scoring of C++']"
Who approached the ISO\/IEC JTC 1 standards body and later the Ecma International to formalize Java in 1997?,Sun Microsystems,"In 1997, Sun Microsystems approached the ISO\/IEC JTC 1 standards body and later the Ecma International to formalize Java, but it soon withdrew from the process.",2.9362681225310503,"['SAP', 'AMD', 'Sillicon Graphics', 'Sun Microsystems']"
Who were originally released by Sun under proprietary licenses?,"the original and reference implementation Java compilers, virtual machines, and class libraries","The original and reference implementation Java compilers, virtual machines, and class libraries were originally released by Sun under proprietary licenses.",2.9347184512446565,"['the versions and referring implemented Python c++, simulation vending, and school librarians', 'the version and description implementing C compiler, cyberspace machine, and classes library', 'the originally and refers implement C++ implementations, online computers, and type museums', 'the original and reference implementation Java compilers, virtual machines, and class libraries']"
"What released much of November 13,2006's Java virtual machine as free and open-source software?",Sun,"On November 13,2006, Sun released much of its Java virtual machine as free and open-source software, under the terms of the GNU General Public License.",2.9284549436511247,"['sunlight', 'microsystems', 'moon', 'Sun']"
When did District Judge William Haskell Alsup rule that APIs cannot be copyrighted?,on May 31,"District Judge William Haskell Alsup ruled on May 31,2012, that APIs cannot be copyrighted, but this was reversed by the United States Court of Appeals for the Federal Circuit in May 2014.",2.9089150863262065,"['on May 31', 'on might 28', 'on likely 27', 'on could 29']"
Who follows Oracle Corporation's acquisition of Sun Microsystems in 200910?,Oracle,"Following Oracle Corporation's acquisition of Sun Microsystems in 200910, Oracle has described itself as the steward of Java technology with a relentless commitment to fostering a community of participation and transparency.",2.906899305445356,"['Boston', 'Oracle', 'San Antonio', 'Bahrain']"
What is now deprecated since Java 9 in 2017?,the Java applet API,The Java applet API is now deprecated since Java 9 in 2017.,2.905945024510266,"['the Python eprom Red Hat Software', 'the Java applet API', 'the C++ dialer AMD', 'the C activex Best Buy']"
"What lacks any formal standardization recognized by Ecma International, ISO\/IEC, ANSI, or other third-party standards organization?",Java,"Because Java lacks any formal standardization recognized by Ecma International, ISO\/IEC, ANSI, or other third-party standards organization, the Oracle implementation is the de facto standard.",2.9045985373234253,"['C', 'Python', 'C++', 'Java']"
What did Oracle announce in January 2016?,that Java run-time environments based on JDK 9 will discontinue the browser plugin,"In January 2016, Oracle announced that Java run-time environments based on JDK 9 will discontinue the browser plugin.",2.8959285916580133,"['that Python compiler settings group on Nvidia 6 will suspend the microsoft sdk', 'that Java run-time environments based on JDK 9 will discontinue the browser plugin', 'that C++ statically ecosystems which on Sillicon Graphics 8 will discontinued the firefox add-on', 'that C compile-time environment company on PeopleSoft 7 will discontinuing the netscape javascript']"
When was the type system of Java proven unsound?,in 2016,"In 2016, the type system of Java was proven unsound.",2.893306085197339,"['in 2016', 'in 2014', 'in 2015', 'in 2018']"
Whose acquisition of Sun Microsystems does Oracle follow in 200910?,Oracle Corporation's acquisition of Sun Microsystems,"Following Oracle Corporation's acquisition of Sun Microsystems in 200910, Oracle has described itself as the steward of Java technology with a relentless commitment to fostering a community of participation and transparency.",2.892092001179179,"[""Oracle Corporation's acquisition of Sun Microsystems"", ""Charles Page Best Buy's purchase of SAP"", ""Robert Clinton Apple's merger of Sillicon Graphics"", ""James Hockey AMD's acquire of Intel""]"
"What does the district court decided in favor of Google constitute on May 26,2016?",fair use,"On May 26,2016, the district court decided in favor of Google, ruling the copyright infringement of the Java API in Android constitutes fair use.",2.8904978794385325,"['fair use', 'honest using', 'ensure allow', 'reasonable used']"
When does Oracle Corporation follow i. e.'s acquisition of Sun Microsystems?,"on January 27,2010","Oracle Corporation is the current owner of the official implementation of the Java SE platform, following their acquisition of Sun Microsystems on January 27,2010.",2.8897100406237164,"['on January 27,2010', 'on december 27,2010', 'on february 27,2010', 'on october 27,2010']"
What is based on the original implementation of Java by Sun?,this implementation,This implementation is based on the original implementation of Java by Sun.,2.887199597705709,"['this implementation', 'this implementing', 'this implemented', 'this implement']"
What was Java released in 1995 as?,as a core component of Sun Microsystems ' Java platform,Java was originally developed by James Gosling at Sun Microsystems (which has since been acquired by Oracle) and released in 1995 as a core component of Sun Microsystems ' Java platform.,2.886075671994374,"[""as a basic essential of Sun Microsystems ' Java framework"", ""as a focus element of Sun Microsystems ' Java supports"", ""as a core component of Sun Microsystems ' Java platform"", ""as a underlying indicator of Sun Microsystems ' Java support""]"
What does game console to scientific supercomputers Java software runs on?,on everything from laptops to data centers,"Java software runs on everything from laptops to data centers, game consoles to scientific supercomputers.",2.882844620945114,"['on things from laptop to information centres', 'on else from phones to analysis clinics', 'on everything from laptops to data centers', 'on everyone from cellphones to database center']"
What translates the Java bytecode into the platform's machine language?,the Java virtual machine for the overhead of interpreting bytecode into machine instructions,"Java itself is platform-independent and is adapted to the particular platform it is to run on by a Java virtual machine for it, which translates the Java bytecode into the platform's machine language.",2.878103869928241,"['the Python simulation guns for the buzzed of interpretation runtime into guns orders', 'the Java virtual machine for the overhead of interpreting bytecode into machine instructions', 'the C++ online gun for the circling of translating p-code into gun directives', 'the C cyberspace automatic for the circled of interpret jvm into automatic instruction']"
"What have others developed for Java, GNU Classpath, and IcedTea-Web?",alternative implementations,"Meanwhile, others have developed alternative implementations of these Sun technologies, such as the GNU Compiler for Java (bytecode compiler), GNU Classpath (standard libraries), and IcedTea-Web (browser plugin for applets).",2.8765581539315863,"['alternate interfaces', 'alternative implementations', 'ways compilers', 'viable architectures']"
Who did Sun's vice-president Rich Green say that Sun's ideal role with regard to Java was as?,as an evangelist,Sun's vice-president Rich Green said that Sun's ideal role with regard to Java was as an evangelist.,2.87370923209112,"['as an preacher', 'as an evangelical', 'as an televangelist', 'as an evangelist']"
Who generated revenue from Java through the selling of licenses for specialized products such as the Java Enterprise System?,Sun,Sun generated revenue from Java through the selling of licenses for specialized products such as the Java Enterprise System.,2.8733777344863847,"['moon', 'Sun', 'microsystems', 'sunlight']"
Where was the Java 1. 0 compiler re-written by Arthur van Hoff to comply strictly with the Java 1. 0 language specification?,in Java,The Java 1. 0 compiler was re-written in Java by Arthur van Hoff to comply strictly with the Java 1. 0 language specification.,2.872921786311122,"['in Python', 'in C', 'in Java', 'in C++']"
What did Sun Microsystems release the first public implementation as in 1996?,as Java 1. 0,Sun Microsystems released the first public implementation as Java 1. 0 in 1996.,2.8715704571361558,"['as C++ 3. 1', 'as C 2. 2', 'as Java 1. 0', 'as Python 4. 3']"
Who were added to the Java language in 2004?,generics,"In 2004, generics were added to the Java language, as part of J2SE 5. 0.",2.869845752868504,"['generics', 'drugmakers', 'generic', 'ranbaxy']"
Who advises Java's users to immediately transition to the latest version or an LTS release?,Oracle,"Since Java 9 (and 10 and 12) is no longer supported, Oracle advises its users to immediately transition to the latest version (currently Java 13) or an LTS release.",2.8669938590192245,"['Michigan', 'Oracle', 'Germany', 'Phoenix']"
What was the language initially called after an oak tree that stood outside Gosling's office?,Oak,The language was initially called Oak after an oak tree that stood outside Gosling's office.,2.866335688892993,"['Phoenix', 'Montana', 'America', 'Oak']"
Who was re-written in Java by Arthur van Hoff to comply strictly with the Java 1. 0 language specification?,the Java 1. 0 compiler,The Java 1. 0 compiler was re-written in Java by Arthur van Hoff to comply strictly with the Java 1. 0 language specification.,2.862167779695018,"['the C++ 3. 1 fortran', 'the C 2. 2 c++', 'the Java 1. 0 compiler', 'the Python 4. 3 implementations']"
What is Platform-independent Java essential to?,to Java EE,"Platform-independent Java is essential to Java EE, and an even more rigorous validation is required to certify an implementation.",2.862017097738525,"['to Java EE', 'to C++ sah', 'to Python uh', 'to C lihn']"
Who made most of the time's Java implementations available without charge?,Sun,"At one time, Sun made most of its Java implementations available without charge, despite their proprietary software status.",2.8605931299343164,"['moon', 'Sun', 'microsystems', 'sunlight']"
What did jSPs embed Java code in by using the special delimiters?,in an HTML page,JSPs embed Java code in an HTML page by using the special delimiters (% and %).,2.860177336232782,"['in an HTML page', 'in an Montana editorial', 'in an Michigan web', 'in an Boston article']"
What did jSPs embed in an HTML page by using the special delimiters?,Java code,JSPs embed Java code in an HTML page by using the special delimiters (% and %).,2.8562960784551295,"['C++ penal', 'C rules', 'Java code', 'Python regulations']"
What superseded by two standard Java technologies for web services:?,the Java servlet API has to some extent been,The Java servlet API has to some extent been superseded by two standard Java technologies for web services:,2.848117897904818,"['the Python tomcat Nvidia has to some fact been', 'the C++ jsp Red Hat Software has to some severity been', 'the Java servlet API has to some extent been', 'the C ejb PeopleSoft has to some scope been']"
What does Swing in Java SE 6 address by using more native GUI widget drawing routines of the underlying platforms?,this problem,"Where prior implementations of these looks and feels may have been considered lacking, Swing in Java SE 6 addresses this problem by using more native GUI widget drawing routines of the underlying platforms.",2.836886551634158,"['this problem', 'this serious', 'this trouble', 'this solve']"
What is a Java application in a JSP's own right?,the Java servlet,"A JSP is compiled to a Java servlet, a Java application in its own right, the first time it is accessed.",2.8356554335113975,"['the C ejb', 'the Java servlet', 'the C++ jsp', 'the Python tomcat']"
Who does Oracle advise to immediately transition to the latest version or an LTS release?,Java's users,"Since Java 9 (and 10 and 12) is no longer supported, Oracle advises its users to immediately transition to the latest version (currently Java 13) or an LTS release.",2.8354449613755897,"[""C's user"", ""Python's download"", ""Java's users"", ""C++'s internet""]"
What is one of the ideas behind Java's automatic memory management model that programmers can be spared?,the burden of having to perform manual memory management,One of the ideas behind Java's automatic memory management model is that programmers can be spared the burden of having to perform manual memory management.,2.8322078419562944,"['the burden of having to perform manual memory management', 'the enormous of having to required 6-speed remembering asset', 'the burdened of having to performed 5-speed memories managers', 'the onerous of having to performing five-speed dram managing']"
What are organized into separate groups called packages?,the classes in the Java APIs,The classes in the Java APIs are organized into separate groups called packages.,2.831656035412598,"['the class in the Robert Clinton', 'the classes in the Java APIs', 'the students in the David Hyland', 'the courses in the Charles Page']"
"Who are clones of Windows, GTK +, and Motif supplied by?",by Sun,"Clones of Windows, GTK +, and Motif are supplied by Sun.",2.8245139288704815,"['by sunlight', 'by moon', 'by microsystems', 'by Sun']"
"What renamed new J2 versions as Java EE, Java ME, and Java SE?",Sun,"In 2006, for marketing purposes, Sun renamed new J2 versions as Java EE, Java ME, and Java SE, respectively.",2.8225974543307175,"['Sun', 'sunlight', 'moon', 'microsystems']"
What had Sun relicensed most of under the GNU General Public License in compliance with the specifications of the Java Community Process?,of compliance with the specifications of the Java Community Process's Java technologies,"As of May 2007, in compliance with the specifications of the Java Community Process, Sun had relicensed most of its Java technologies under the GNU General Public License.",2.8214119555901043,"[""of comply with the specification of the Java Community Process's Java technology"", ""of compliance with the specifications of the Java Community Process's Java technologies"", ""of complying with the requirements of the Java Community Process's Java systems"", ""of implementation with the specified of the Java Community Process's Java innovations""]"
What is a key pillar in Android?,the Java language,"The Java language is a key pillar in Android, an open source mobile operating system.",2.8205371566144355,"['the C arabic', 'the C++ word', 'the Java language', 'the Python english']"
What is referenced as args although any other legal identifier name can be used by convention?,an explicit destructor method,"By convention, it is referenced as args although any other legal identifier name can be used.",2.816417022532338,"['an references pheochromocytoma using', 'an suggestive spermatogonia techniques', 'an implicit varroa technique', 'an explicit destructor method']"
What does the bytecode language supported by the Android SDK run on?,on its own virtual machine,"The bytecode language supported by the Android SDK is incompatible with Java bytecode and runs on its own virtual machine, optimized for low-memory devices such as smartphones and tablet computers.",2.813426561384687,"['on its own cyberspace automatic', 'on its own online gun', 'on its own virtual machine', 'on its own simulation guns']"
What did new versions have with the advent of Java 2?,multiple configurations built for different types of platforms,"With the advent of Java 2 (released initially as J2SE 1. 2 in December 1998 1999), new versions had multiple configurations built for different types of platforms.",2.8132570232971252,"['multiple configurations built for different types of platforms', 'various subsystems building for these kinds of rigs', 'numerous configuration constructed for various type of platform', 'variety variants build for variety variety of terminals']"
What means that programs written for the Java platform must run similarly on any combination of hardware and operating system with adequate run time support?,portability,"One design goal of Java is portability, which means that programs written for the Java platform must run similarly on any combination of hardware and operating system with adequate run time support.",2.8089828425513077,"['accessibility', 'hipaa', 'scalability', 'portability']"
When were generics added to the Java language?,in 2004,"In 2004, generics were added to the Java language, as part of J2SE 5. 0.",2.806349736709646,"['in 2006', 'in 2003', 'in 2004', 'in 2005']"
What is optimized for low-memory devices such as smartphones and tablet computers?,Java's own virtual machine,"The bytecode language supported by the Android SDK is incompatible with Java bytecode and runs on its own virtual machine, optimized for low-memory devices such as smartphones and tablet computers.",2.8034624480060075,"[""Python's own simulation guns"", ""C's own cyberspace automatic"", ""Java's own virtual machine"", ""C++'s own online gun""]"
What is controlled through the Java Community Process?,the de facto standard,"Java remains a de facto standard, controlled through the Java Community Process.",2.7994579149231087,"['the de facto standard', 'the la defacto definition', 'the en jure example', 'the y ipso basic']"
What must accept an array of String objects?,the main method,The main method must accept an array of String objects.,2.7964081623810984,"['the primary using', 'the main method', 'the major techniques', 'the key technique']"
What launches Java by loading a given class?,the Java launcher,The Java launcher launches Java by loading a given class (specified on the command line or as an attribute in a JAR) and starting its public static void main method.,2.7951261890879384,"['the Python grenades', 'the C++ rocket', 'the Java launcher', 'the C grenade']"
What promised Write Once providing no-cost run-times on popular platforms?,the first public implementation,"It promised Write Once, Run Anywhere, providing no-cost run-times on popular platforms.",2.7915466687177743,"['the fourth education implemented', 'the first public implementation', 'the third government implement', 'the second private implementing']"
Who has Oracle described Oracle Corporation's acquisition of as the steward of Java technology with a relentless commitment to fostering a community of participation and transparency?,of Sun Microsystems,"Following Oracle Corporation's acquisition of Sun Microsystems in 200910, Oracle has described itself as the steward of Java technology with a relentless commitment to fostering a community of participation and transparency.",2.791432800031698,"['of PeopleSoft', 'of SAP', 'of Sun Microsystems', 'of Intel']"
What browsers soon incorporated the ability to run Java applets within web pages?,major web,"Major web browsers soon incorporated the ability to run Java applets within web pages, and Java quickly became popular.",2.786755512542223,"['biggest internet', 'significant online', 'main website', 'major web']"
"When did James Gosling, Mike Sheridan, and Patrick Naughton initiate the Java language project?",in June 1991,"James Gosling, Mike Sheridan, and Patrick Naughton initiated the Java language project in June 1991.",2.7858130678025095,"['in july 1992', 'in october 1993', 'in april 1990', 'in June 1991']"
Who allow compile-time type checking without having to create many container classes?,generics,"Generics allow compile-time type checking without having to create many container classes, each containing almost identical code.",2.7846714076403707,"['generics', 'ranbaxy', 'drugmakers', 'generic']"
What are Java applications typically compiled to bytecode that can run on any Java virtual machine?,regardless of the underlying computer architecture,Java applications are typically compiled to bytecode that can run on any Java virtual machine regardless of the underlying computer architecture.,2.784559893593851,"['irrespective of the fundamental software architectural', 'whatever of the fundamentals pc design', 'regardless of the underlying computer architecture', 'determine of the factors technology gothic']"
What is swing controlled by Sun Microsystems in cooperation with others through?,through the Java Community Process program,It is controlled by Sun Microsystems in cooperation with others through the Java Community Process program.,2.77980443854968,"['through the C SAP processes programme', 'through the Java Community Process program', 'through the C++ AMD negotiations programmes', 'through the Python PeopleSoft implementation education']"
What did Sun claim that the Microsoft implementation did not support?,RMI or JNI,This resulted in a legal dispute with Microsoft after Sun claimed that the Microsoft implementation did not support RMI or JNI and had added platform-specific features of their own.,2.7708125388452696,"['PeopleSoft or AMD', 'RMI or JNI', 'Red Hat Software or Nvidia', 'Best Buy or Apple']"
What is the Java applet API now deprecated since in 2017?,since Java 9,The Java applet API is now deprecated since Java 9 in 2017.,2.769326661318675,"['last C 7', 'years C++ 8', 'since Java 9', 'ago Python 6']"
What do Oracle (and others) highly recommend uninstalling because of serious risks due to unresolved security issues?,older versions of Java,Oracle (and others) highly recommend uninstalling older versions of Java because of serious risks due to unresolved security issues.,2.757238114941389,"['younger version of C', 'newer newer of Python', 'age variants of C++', 'older versions of Java']"
What uses the parallel scavenge garbage collector by default?,HotSpot,"By default, HotSpot uses the parallel scavenge garbage collector.",2.7548806734695996,"['Sillicon Graphics', 'Best Buy', 'Red Hat Software', 'HotSpot']"
What can influence the design and development of the APIs?,companies or individuals participating in this process,Companies or individuals participating in this process can influence the design and development of the APIs.,2.74906622905334,"['companies or individuals participating in this process', 'businesses or individual participated in this negotiations', 'firms or persons participate in this processes', 'company or those participation in this implementation']"
What does the Java programming language require?,the presence of a software platform in order for compiled programs to be executed,The Java programming language requires the presence of a software platform in order for compiled programs to be executed.,2.7462395979686796,"['the presence of a software platform in order for compiled programs to be executed', 'the force of a computer supports in ordered for compiling program to be execution', 'the forces of a hardware support in must for collected educational to be execute', 'the absence of a microsoft framework in to for compile programmes to be executing']"
Who is sufficient for 90 % of applications in Java?,the Concurrent Mark-Sweep garbage collector,"For 90 % of applications in Java, the Concurrent Mark-Sweep garbage collector is sufficient.",2.744047047674143,"['the Concurrent Mark-Sweep garbage collector', 'the sr Mark-Sweep waste dealer', 'the concurrently Mark-Sweep trash connoisseur', 'the concurrency Mark-Sweep rubbish collection']"
What is the name Green simply the name of the method calls to pass control to the program?,the Java launcher,It is simply the name of the method the Java launcher calls to pass control to the program.,2.7346337706964516,"['the Python grenades', 'the C grenade', 'the C++ rocket', 'the Java launcher']"
What are typically compiled to bytecode that can run on any Java virtual machine regardless of the underlying computer architecture?,Java applications,Java applications are typically compiled to bytecode that can run on any Java virtual machine regardless of the underlying computer architecture.,2.7341201731871476,"['C++ software', 'Python devices', 'Java applications', 'C application']"
What are Java applications typically compiled to bytecode that can run on regardless of the underlying computer architecture?,on any Java virtual machine,Java applications are typically compiled to bytecode that can run on any Java virtual machine regardless of the underlying computer architecture.,2.7314976612555664,"['on any Java virtual machine', 'on any Python simulation guns', 'on any C++ online gun', 'on any C cyberspace automatic']"
What do Oracle (and others) highly recommend uninstalling older versions of Java because of?,because of serious risks due to unresolved security issues,Oracle (and others) highly recommend uninstalling older versions of Java because of serious risks due to unresolved security issues.,2.7302099622234404,"['because of problems risk owing to disputes forces issue', 'because of serious risks due to unresolved security issues', 'because of severe dangers result to unsolved military matters', 'because of problem danger because to thorny intelligence topics']"
"What does the out object provide for printing data to standard out, including println which also appends a new line to the passed string?",many methods,"The out object is an instance of the PrintStream class and provides many methods for printing data to standard out, including println which also appends a new line to the passed string.",2.729400839577214,"['several technique', 'few method', 'many methods', 'some techniques']"
What is developed to support application development in Java?,the standard library,"The Java Class Library is the standard library, developed to support application development in Java.",2.729103760973978,"['the definition libraries', 'the basic archive', 'the standard library', 'the example archives']"
What were programs that were embedded in other applications?,Java applets,"Java applets were programs that were embedded in other applications, typically in a Web page displayed in a web browser.",2.725257607554044,"['Java applets', 'C++ activex', 'C applet', 'Python javascript']"
"What provide a generic way to access host-specific features such as graphics, threading, and networking?",Standard libraries,"Standard libraries provide a generic way to access host-specific features such as graphics, threading, and networking.",2.719381585563739,"['example librarians', 'Standard libraries', 'standards library', 'definition museums']"
What does Sun's trademark license for usage of the Java brand insist?,that all implementations be compatible,"Historically, Sun's trademark license for usage of the Java brand insists that all implementations be compatible.",2.7164613146343437,"['that all implementations be compatible', 'that all architectures be incompatible', 'that all compilers be pcs', 'that all interfaces be compatibility']"
What does not provide the full Java SE standard library?,Android,"Android does not provide the full Java SE standard library, although the Android SDK does include an independent implementation of a large subset of it.",2.715150819934626,"['Android', 'Michigan', 'Texas', 'San Antonio']"
Who is an explicit destructor method referenced as although any other legal identifier name can be used by convention?,as args,"By convention, it is referenced as args although any other legal identifier name can be used.",2.7089148915971655,"['as mmos', 'as isvs', 'as 7.7997', 'as args']"
What uses an automatic garbage collector to manage memory in the object lifecycle?,Java,Java uses an automatic garbage collector to manage memory in the object lifecycle.,2.7027654456549683,"['Java', 'C', 'C++', 'Python']"
"What is available for Microsoft Windows, macOS, Linux, and Solaris?",the Oracle implementation,"The Oracle implementation is available for Microsoft Windows (still works for XP, while only later versions are currently officially supported), macOS, Linux, and Solaris.",2.7012393180865866,"['the Texas implement', 'the Boston implementing', 'the America implemented', 'the Oracle implementation']"
What does the Java launcher launch by loading a given class?,Java,The Java launcher launches Java by loading a given class (specified on the command line or as an attribute in a JAR) and starting its public static void main method.,2.70089872569343,"['C++', 'Python', 'Java', 'C']"
What had multiple configurations built for different types of platforms with the advent of Java 2?,new versions,"With the advent of Java 2 (released initially as J2SE 1. 2 in December 1998 1999), new versions had multiple configurations built for different types of platforms.",2.700447448815808,"['same newer', 'new versions', 'first variants', 'york version']"
Who release versions of Java:?,Major,"Major release versions of Java, along with their release dates:",2.6990483264378753,"['Major', 'biggest', 'main', 'significant']"
What does HotSpot use the parallel scavenge garbage collector by?,by default,"By default, HotSpot uses the parallel scavenge garbage collector.",2.6982305582740835,"['by borrowers', 'by default', 'by swaps', 'by debt']"
What is simply the name of the method the Java launcher calls to pass control to the program?,the name Green,It is simply the name of the method the Java launcher calls to pass control to the program.,2.6972083767060284,"['the word red', 'the known blue', 'the name Green', 'the named purple']"
What does not have support for native OS look?,JavaFX,JavaFX does not have support for native OS look and feels.,2.696820649095183,"['JavaFX', 'America', 'Colombia', 'Bahrain']"
Who are supplied by Sun?,"clones of Windows, GTK +, and Motif","Clones of Windows, GTK +, and Motif are supplied by Sun.",2.696586367348673,"['cloned of Windows, GTK +, and Motif', 'clones of Windows, GTK +, and Motif', 'clone of Windows, GTK +, and Motif', 'offspring of Windows, GTK +, and Motif']"
What insists that all implementations be compatible?,Sun's trademark license for usage of the Java brand,"Historically, Sun's trademark license for usage of the Java brand insists that all implementations be compatible.",2.693998102370383,"[""Sun's trademark license for usage of the Java brand"", ""Montana's infringement licensing for e.g. of the Python marketing"", ""Phoenix's signature licences for refers of the C++ products"", ""Michigan's patent licence for use of the C product""]"
What is compiled to a Java servlet?,a JSP,"A JSP is compiled to a Java servlet, a Java application in its own right, the first time it is accessed.",2.684253971137909,"['a Red Hat Software', 'a SAP', 'a Intel', 'a JSP']"
What does portability mean that programs written for the Java platform must run similarly on?,on any combination of hardware and operating system with adequate run time support,"One design goal of Java is portability, which means that programs written for the Java platform must run similarly on any combination of hardware and operating system with adequate run time support.",2.6831974338688447,"['on any combining of software and operate which with sufficient running when supported', 'on any combined of pc and operations mechanism with insufficient ran before supporting', 'on any unusual of computer and revenue control with inadequate go but backing', 'on any combination of hardware and operating system with adequate run time support']"
"What did James Gosling, Mike Sheridan, and Patrick Naughton initiate in June 1991?",the Java language project,"James Gosling, Mike Sheridan, and Patrick Naughton initiated the Java language project in June 1991.",2.683061957502172,"['the Python english build', 'the C arabic development', 'the C++ word construction', 'the Java language project']"
When Sun sued as well as a court order enforcing the terms of the license from Sun?,in 1997,"Sun sued in 1997, and, in 2001, won a settlement of US$20 million, as well as a court order enforcing the terms of the license from Sun.",2.6807439212739426,"['in 1997', 'in 1998', 'in 1996', 'in 1999']"
Who highly recommend uninstalling older versions of Java because of serious risks due to unresolved security issues?,Oracle (and others),Oracle (and others) highly recommend uninstalling older versions of Java because of serious risks due to unresolved security issues.,2.6730475756201226,"['Boston (and many)', 'Oracle (and others)', 'Michigan (and some)', 'San Antonio (and other)']"
What has Oracle described Oracle Corporation's acquisition of Sun Microsystems as the steward of Java technology with?,with a relentless commitment to fostering a community of participation and transparency,"Following Oracle Corporation's acquisition of Sun Microsystems in 200910, Oracle has described itself as the steward of Java technology with a relentless commitment to fostering a community of participation and transparency.",2.6669147577648764,"['with a incessant determination to nurturing a organizations of participating and accountability', 'with a unrelenting pledge to promoting a communities of participate and openness', 'with a relentless commitment to fostering a community of participation and transparency', 'with a ferocious willingness to fostered a neighborhood of involvement and fairness']"
What consoles to scientific supercomputers Java software runs on everything from laptops to data centers?,game,"Java software runs on everything from laptops to data centers, game consoles to scientific supercomputers.",2.664091945583141,"['players', 'player', 'play', 'game']"
What main is not a keyword in the Java language?,the method name,The method name main is not a keyword in the Java language.,2.6615121217587423,"['the technique word', 'the techniques known', 'the method name', 'the using named']"
What does Java use an automatic garbage collector to manage in the object lifecycle?,memory,Java uses an automatic garbage collector to manage memory in the object lifecycle.,2.6612631953533996,"['memory', 'remembering', 'memories', 'dram']"
What launches Java by starting the public class's public static void main method?,the Java launcher,The Java launcher launches Java by loading a given class (specified on the command line or as an attribute in a JAR) and starting its public static void main method.,2.6600308519252955,"['the C++ rocket', 'the Java launcher', 'the Python grenades', 'the C grenade']"
What is possible to feel system of Swing?,swing,It is possible to specify a different look and feel through the pluggable look and feel system of Swing.,2.6539658553181704,"['swing', 'swung', 'swinging', 'pendulum']"
Who does Java use to manage memory in the object lifecycle?,an automatic garbage collector,Java uses an automatic garbage collector to manage memory in the object lifecycle.,2.652356926721441,"['an automated waste dealer', 'an machine trash connoisseur', 'an automatic garbage collector', 'an automatically rubbish collection']"
"What provides many methods for printing data to standard out, including println which also appends a new line to the passed string?",the out object,"The out object is an instance of the PrintStream class and provides many methods for printing data to standard out, including println which also appends a new line to the passed string.",2.648822562084907,"['the out element', 'the out inanimate', 'the out particular', 'the out object']"
What are the classes in the Java APIs organized into?,into separate groups called packages,The classes in the Java APIs are organized into separate groups called packages.,2.648221097684743,"['into separately group known package', 'into three activists calling severance', 'into separate groups called packages', 'into two organizations referred packaged']"
What is an instance of the PrintStream class?,the out object,"The out object is an instance of the PrintStream class and provides many methods for printing data to standard out, including println which also appends a new line to the passed string.",2.6438550104159764,"['the out particular', 'the out object', 'the out inanimate', 'the out element']"
What supports Java 6 and some Java 7 features?,Android,"It supports Java 6 and some Java 7 features, offering an implementation compatible with the standard library (Apache Harmony).",2.6403038445022937,"['Michigan', 'Boston', 'America', 'Android']"
What is an explicit destructor method referenced as args although any other legal identifier name can be used by?,by convention,"By convention, it is referenced as args although any other legal identifier name can be used.",2.639678180529432,"['by geneva', 'by delegates', 'by conference', 'by convention']"
What does Java use an automatic garbage collector to manage memory in?,in the object lifecycle,Java uses an automatic garbage collector to manage memory in the object lifecycle.,2.637651128165442,"['in the particular end-to-end', 'in the element workflow', 'in the object lifecycle', 'in the inanimate plm']"
What is the name Green simply the Java launcher calls to pass control to the program?,the name of the method,It is simply the name of the method the Java launcher calls to pass control to the program.,2.62730767724105,"['the word of the technique', 'the named of the using', 'the name of the method', 'the known of the techniques']"
What did no longer ships java with Windows as?,as a result,"As a result, Microsoft no longer ships Java with Windows.",2.6270965066952745,"['as a result', 'as a resulting', 'as a resulted', 'as a due']"
What does Oracle supply?,the Java platform for use with Java,Oracle supplies the Java platform for use with Java.,2.6240698066204367,"['the C supports for used with C', 'the Java platform for use with Java', 'the Python support for allow with Python', 'the C++ framework for using with C++']"
What was Java according to GitHub?,one of the most popular programming languages in use,"As of 2019, Java was one of the most popular programming languages in use according to GitHub, particularly for client-server web applications, with a reported 9 million developers.",2.623628006222343,"['only of the most most broadcast dialects in using', 'another of the most popularity broadcasts language in used', 'three of the most favorite programs spoken in allow', 'one of the most popular programming languages in use']"
What is the name Green simply the name of the method the Java launcher calls to pass control to?,to the program,It is simply the name of the method the Java launcher calls to pass control to the program.,2.6197937006912078,"['to the programme', 'to the program', 'to the education', 'to the programmes']"
What did new versions have multiple configurations built for different types of platforms with?,with the advent of Java 2,"With the advent of Java 2 (released initially as J2SE 1. 2 in December 1998 1999), new versions had multiple configurations built for different types of platforms.",2.619031310899876,"['with the advent of Java 2', 'with the emergence of C++ 4', 'with the introduction of C 3', 'with the twentieth of Python 1']"
What is the name Green simply the name of the Java launcher calls to pass control to the program?,of the method,It is simply the name of the method the Java launcher calls to pass control to the program.,2.6130877252305815,"['of the technique', 'of the method', 'of the using', 'of the techniques']"
"What is a software platform for delivering desktop applications, as well as rich Internet applications that can run across a wide variety of devices?",JavaFX,"JavaFX is a software platform for creating and delivering desktop applications, as well as rich Internet applications that can run across a wide variety of devices.",2.6072268841307813,"['America', 'Colombia', 'Bahrain', 'JavaFX']"
What requires the presence of a software platform in order for compiled programs to be executed?,the Java programming language,The Java programming language requires the presence of a software platform in order for compiled programs to be executed.,2.606787856043403,"['the Java programming language', 'the C broadcasts arabic', 'the Python programs english', 'the C++ broadcast word']"
What do programs written in Java have?,a reputation for being slower,Programs written in Java have a reputation for being slower and requiring more memory than those written in C + +.,2.6059205457396986,"['a credibility for being slow', 'a image for being slowing', 'a tarnished for being faster', 'a reputation for being slower']"
What has faded the necessity of having an explicit destructor method in the classes more difficult?,the presence of a garbage collector,"Paradoxically, the presence of a garbage collector has faded the necessity of having an explicit destructor method in the classes, thus rendering the management of these other resources more difficult.",2.603181360302202,"['the force of a trash connoisseur', 'the absence of a rubbish collection', 'the presence of a garbage collector', 'the forces of a waste dealer']"
What is guaranteed to be triggered if there is insufficient free memory on the heap to allocate a new object?,garbage collection,It is guaranteed to be triggered if there is insufficient free memory on the heap to allocate a new object; this can cause a program to stall momentarily.,2.602251744698185,"['trash collected', 'rubbish museum', 'waste art', 'garbage collection']"
What Sun sued in 1997 as well as a court order enforcing?,the terms of the license from Sun,"Sun sued in 1997, and, in 2001, won a settlement of US$20 million, as well as a court order enforcing the terms of the license from Sun.",2.6019167223775583,"['the term of the licence from Red Hat Software', 'the agreement of the licences from SAP', 'the context of the licensing from Best Buy', 'the terms of the license from Sun']"
What featured APIs optimized for mobile applications?,j2ME,"J2EE included technologies and APIs for enterprise applications typically run in server environments, while J2ME featured APIs optimized for mobile applications.",2.6017526320926048,"['PeopleSoft', 'Apple', 'j2ME', 'Best Buy']"
What offers an implementation compatible with the standard library?,Java 6 and some Java 7 features,"It supports Java 6 and some Java 7 features, offering an implementation compatible with the standard library (Apache Harmony).",2.5994768960686603,"['C++ 4 and some C++ 9 featuring', 'Python 8 and some Python 8 featured', 'Java 6 and some Java 7 features', 'C 5 and some C 6 feature']"
When did the first public implementation promise Write Once providing on popular platforms?,no-cost run-times,"It promised Write Once, Run Anywhere, providing no-cost run-times on popular platforms.",2.595999161585128,"['non-coercive run-times', 'point-to-multipoint run-times', 'intoxicant run-times', 'no-cost run-times']"
What does Oracle follow Oracle Corporation's acquisition of Sun Microsystems in?,in 200910,"Following Oracle Corporation's acquisition of Sun Microsystems in 200910, Oracle has described itself as the steward of Java technology with a relentless commitment to fostering a community of participation and transparency.",2.5913481435333683,"['in 200910', 'in 200910', 'in 200910', 'in 200910']"
What is controlled by Sun Microsystems in cooperation with others through the Java Community Process program?,swing,It is controlled by Sun Microsystems in cooperation with others through the Java Community Process program.,2.5897932566418196,"['swing', 'swinging', 'swung', 'pendulum']"
What is the Android SDK?,an alternative software platform,"The Android SDK is an alternative software platform, used primarily for developing Android applications with its own GUI system.",2.5890973375846396,"['an viable computer supports', 'an alternate microsoft framework', 'an alternative software platform', 'an ways hardware support']"
What does Java mean that compiled Java code can run on?,on all platforms that support Java without the need for recompilation,"It is intended to let application developers write once, run anywhere, meaning that compiled Java code can run on all platforms that support Java without the need for recompilation.",2.587021744592826,"['on all platforms that support Java without the need for recompilation', 'on all terminals that backing Python not the should for recompile', 'on all platform that supported C no the needed for recompiling', 'on all rigs that supporting C++ any the must for sentimentalizing']"
What does the Java virtual machine for the overhead of interpreting bytecode into machine instructions translate the Java bytecode into?,into the platform's machine language,"Java itself is platform-independent and is adapted to the particular platform it is to run on by a Java virtual machine for it, which translates the Java bytecode into the platform's machine language.",2.5840867624942043,"[""into the support's guns english"", ""into the platform's machine language"", ""into the framework's gun word"", ""into the supports's automatic arabic""]"
What was the Java 1. 0 compiler re-written in by Arthur van Hoff to comply strictly with the Java 1. 0 language specification?,in Java,The Java 1. 0 compiler was re-written in Java by Arthur van Hoff to comply strictly with the Java 1. 0 language specification.,2.5832437610742454,"['in C++', 'in Python', 'in C', 'in Java']"
Who was Java originally developed by?,by James Gosling at Sun Microsystems,Java was originally developed by James Gosling at Sun Microsystems (which has since been acquired by Oracle) and released in 1995 as a core component of Sun Microsystems ' Java platform.,2.5814372738114386,"['by David Hyland phillippe at moon netscape', 'by Johann Carry ryan at microsystems novell', 'by Charles Page callum at sunlight cisco', 'by James Gosling at Sun Microsystems']"
